-- STUDENTI
insert into STUDENT (ID, BR_INDEKSA, NAME, SURNAME) VALUES (1,'570/13','Ilija','Mikic');
insert into STUDENT (ID, BR_INDEKSA, NAME, SURNAME) VALUES (2,'571/13','Milica','Mikic');
insert into STUDENT (ID, BR_INDEKSA, NAME, SURNAME) VALUES (3,'572/13','Marko','Mikic');
insert into STUDENT (ID, BR_INDEKSA, NAME, SURNAME) VALUES (4,'573/13','Milan','Mikic');
insert into STUDENT (ID, BR_INDEKSA, NAME, SURNAME) VALUES (5,'574/13','Biljana','Mikic');
insert into STUDENT (ID, BR_INDEKSA, NAME, SURNAME) VALUES (6,'44/13','Sofija','Mikic');
insert into STUDENT (ID, BR_INDEKSA, NAME, SURNAME) VALUES (7,'345/13','Milos','Mikic');
insert into STUDENT (ID, BR_INDEKSA, NAME, SURNAME) VALUES (8,'233/13','Jelena','Mikic');
insert into STUDENT (ID, BR_INDEKSA, NAME, SURNAME) VALUES (9,'2/13','Stevan','Mikic');
insert into STUDENT (ID, BR_INDEKSA, NAME, SURNAME) VALUES (10,'111/13','Marija','Mikic');
insert into STUDENT (ID, BR_INDEKSA, NAME, SURNAME) VALUES (11,'11111/13','Filip','Mikic');


-- EXAMS
insert into EXAM (ID, Native_Text, Foreign_Text, Audio_Text, Start_Time, End_Time,points,required, ended) VALUES (1,'prvi prvi','prvi prevod','AUDIO TRACK', '2020-02-10','2020-02-12', 20, true, true);
insert into EXAM (ID, Native_Text, Foreign_Text, Audio_Text, Start_Time, End_Time,points,required, ended) VALUES (2,'drugi drugi','drugi prevod','AUDIO TRACK', '2020-03-10','2020-03-20', 10, true, false);
insert into EXAM (ID, Native_Text, Foreign_Text, Audio_Text, Start_Time, End_Time,points,required, ended) VALUES (3,'treci treci','treci prevod','AUDIO TRACK', '2020-04-10','2020-04-13', 7, true, false);
insert into EXAM (ID, Native_Text, Foreign_Text, Audio_Text, Start_Time, End_Time,points,required, ended) VALUES (4,'cetvrti cetvrti','cetvrdi prevod ','AUDIO TRACK', '2020-03-01','2020-09-02', 4, true, false);
insert into EXAM (ID, Native_Text, Foreign_Text, Audio_Text, Start_Time, End_Time,points,required, ended) VALUES (5,'peti peti','peti prevod ','AUDIO TRACK', '2020-04-01','2020-04-02', 3, true, false);
insert into EXAM (ID, Native_Text, Foreign_Text, Audio_Text, Start_Time, End_Time,points,required, ended) VALUES (6,'sesti sesti','sesti prevod ','AUDIO TRACK', '2020-05-01','2020-05-02', 6, true, false);
insert into EXAM (ID, Native_Text, Foreign_Text, Audio_Text, Start_Time, End_Time,points,required, ended) VALUES (7,'sedmi sedmi','sedmi prevod ','AUDIO TRACK', '2020-06-01','2020-06-02', 7, true, false);
insert into EXAM (ID, Native_Text, Foreign_Text, Audio_Text, Start_Time, End_Time,points,required, ended) VALUES (8,'osmi osmi','osmi prevod ','AUDIO TRACK', '2020-07-07','2020-07-02', 2, true, false);
insert into EXAM (ID, Native_Text, Foreign_Text, Audio_Text, Start_Time, End_Time,points,required, ended) VALUES (9,'deveti deveti','deveti prevod ','AUDIO TRACK', '2020-07-01','2020-09-02', 9, true, false);
insert into EXAM (ID, Native_Text, Foreign_Text, Audio_Text, Start_Time, End_Time,points,required, ended) VALUES (10,'deseti deseti','deseti prevod ','AUDIO TRACK', '2020-09-01','2020-09-02', 9, true, false);
insert into EXAM (ID, Native_Text, Foreign_Text, Audio_Text, Start_Time, End_Time,points,required, ended) VALUES (11,'jedanaesti jedanaesti','jedanaesti prevod ','AUDIO TRACK', '2020-03-01','2020-09-02', 22, true, false);

-- RESULTS
-- PRVI EXAM
insert into RESULT (ID, STUDENT_ID, EXAM_ID, NATIVE_TRANSLATE,FOREIGN_TRANSLATE, AUDIO_TRANSLATE, RESULT, DONE) VALUES (1,1,1,' ILIJA PREVOD PRVOG NATIVE', 'ILIJA PREVOD PRVOG FOREIGN', 'ILIJA PREVOD PRVOG AUDIO',11, true);
insert into RESULT (ID, STUDENT_ID, EXAM_ID, NATIVE_TRANSLATE,FOREIGN_TRANSLATE, AUDIO_TRANSLATE, RESULT, DONE) VALUES (2,2,1,' MILICA PREVOD PRVOG NATIVE', 'MILICA PREVOD PRVOG FOREIGN', 'MILICA PREVOD PRVOG AUDIO',3, true);
insert into RESULT (ID, STUDENT_ID, EXAM_ID, NATIVE_TRANSLATE,FOREIGN_TRANSLATE, AUDIO_TRANSLATE, RESULT, DONE) VALUES (3,3,1,' MARKO PREVOD PRVOG NATIVE', 'MARKO PREVOD PRVOG FOREIGN', 'MARKO PREVOD PRVOG AUDIO',2, true);
insert into RESULT (ID, STUDENT_ID, EXAM_ID, NATIVE_TRANSLATE,FOREIGN_TRANSLATE, AUDIO_TRANSLATE, RESULT, DONE) VALUES (4,4,1,' MILAN PREVOD PRVOG NATIVE', 'MILAN PREVOD PRVOG FOREIGN', 'MILAN PREVOD PRVOG AUDIO',1, true);
insert into RESULT (ID, STUDENT_ID, EXAM_ID, NATIVE_TRANSLATE,FOREIGN_TRANSLATE, AUDIO_TRANSLATE, RESULT, DONE) VALUES (5,5,1,' BILJANA PREVOD PRVOG NATIVE', 'BILJANA PREVOD PRVOG FOREIGN', 'BILJANA PREVOD PRVOG AUDIO',2, true);
insert into RESULT (ID, STUDENT_ID, EXAM_ID, NATIVE_TRANSLATE,FOREIGN_TRANSLATE, AUDIO_TRANSLATE, RESULT, DONE) VALUES (6,6,1,' SOFIJA PREVOD PRVOG NATIVE', 'SOFIJA PREVOD PRVOG FOREIGN', 'SOFIJA PREVOD PRVOG AUDIO',3, true);
insert into RESULT (ID, STUDENT_ID, EXAM_ID, NATIVE_TRANSLATE,FOREIGN_TRANSLATE, AUDIO_TRANSLATE, RESULT, DONE) VALUES (7,7,1,' MILOS PREVOD PRVOG NATIVE', 'MILOS PREVOD PRVOG FOREIGN', 'MILOS PREVOD PRVOG AUDIO',2, true);
insert into RESULT (ID, STUDENT_ID, EXAM_ID, NATIVE_TRANSLATE,FOREIGN_TRANSLATE, AUDIO_TRANSLATE, RESULT, DONE) VALUES (8,8,1,' JELENA PREVOD PRVOG NATIVE', 'JELENA PREVOD PRVOG FOREIGN', 'JELENA PREVOD PRVOG AUDIO',10, true);
insert into RESULT (ID, STUDENT_ID, EXAM_ID, NATIVE_TRANSLATE,FOREIGN_TRANSLATE, AUDIO_TRANSLATE, RESULT, DONE) VALUES (9,9,1,' STEVAN PREVOD PRVOG NATIVE', 'STEVAN PREVOD PRVOG FOREIGN', 'STEVAN PREVOD PRVOG AUDIO',10, true);
insert into RESULT (ID, STUDENT_ID, EXAM_ID, NATIVE_TRANSLATE,FOREIGN_TRANSLATE, AUDIO_TRANSLATE, RESULT, DONE) VALUES (10,10,1,' MARIJA PREVOD PRVOG NATIVE', 'MARIJA PREVOD PRVOG FOREIGN', 'MARIJA PREVOD PRVOG AUDIO',10, true);

-- DRUGI EXAM
insert into RESULT (ID, STUDENT_ID, EXAM_ID, NATIVE_TRANSLATE,FOREIGN_TRANSLATE, AUDIO_TRANSLATE, RESULT, DONE) VALUES (11,1,2,' ILIJA PREVOD DRUGOG NATIVE', 'ILIJA PREVOD DRUGOG FOREIGN', 'ILIJA PREVOD DRUGOG AUDIO',11, true);
insert into RESULT (ID, STUDENT_ID, EXAM_ID, NATIVE_TRANSLATE,FOREIGN_TRANSLATE, AUDIO_TRANSLATE, RESULT, DONE) VALUES (12,2,2,' MILICA PREVOD DRUGOG NATIVE', 'MILICA PREVOD DRUGOG FOREIGN', 'MILICA PREVOD DRUGOG AUDIO',3, true);
insert into RESULT (ID, STUDENT_ID, EXAM_ID, NATIVE_TRANSLATE,FOREIGN_TRANSLATE, AUDIO_TRANSLATE, RESULT, DONE) VALUES (13,3,2,' MARKO PREVOD DRUGOG NATIVE', 'MARKO PREVOD DRUGOG FOREIGN', 'MARKO PREVOD DRUGOG AUDIO',2, true);
insert into RESULT (ID, STUDENT_ID, EXAM_ID, NATIVE_TRANSLATE,FOREIGN_TRANSLATE, AUDIO_TRANSLATE, RESULT, DONE) VALUES (14,4,2,' MILAN PREVOD DRUGOG NATIVE', 'MILAN PREVOD DRUGOG FOREIGN', 'MILAN PREVOD DRUGOG AUDIO',1, true);
insert into RESULT (ID, STUDENT_ID, EXAM_ID, NATIVE_TRANSLATE,FOREIGN_TRANSLATE, AUDIO_TRANSLATE, RESULT, DONE) VALUES (15,5,2,' BILJANA PREVOD DRUGOG NATIVE', 'BILJANA PREVOD DRUGOG FOREIGN', 'BILJANA PREVOD DRUGOG AUDIO',2, true);
insert into RESULT (ID, STUDENT_ID, EXAM_ID, NATIVE_TRANSLATE,FOREIGN_TRANSLATE, AUDIO_TRANSLATE, RESULT, DONE) VALUES (16,6,2,' SOFIJA PREVOD DRUGOG NATIVE', 'SOFIJA PREVOD DRUGOG FOREIGN', 'SOFIJA PREVOD DRUGOG AUDIO',3, true);
insert into RESULT (ID, STUDENT_ID, EXAM_ID, NATIVE_TRANSLATE,FOREIGN_TRANSLATE, AUDIO_TRANSLATE, RESULT, DONE) VALUES (17,7,2,' MILOS PREVOD DRUGOG NATIVE', 'MILOS PREVOD DRUGOG FOREIGN', 'MILOS PREVOD DRUGOG AUDIO',2, true);
insert into RESULT (ID, STUDENT_ID, EXAM_ID, NATIVE_TRANSLATE,FOREIGN_TRANSLATE, AUDIO_TRANSLATE, RESULT, DONE) VALUES (18,8,2,' JELENA PREVOD DRUGOG NATIVE', 'JELENA PREVOD DRUGOG FOREIGN', 'JELENA PREVOD DRUGOG AUDIO',10, true);
insert into RESULT (ID, STUDENT_ID, EXAM_ID, NATIVE_TRANSLATE,FOREIGN_TRANSLATE, AUDIO_TRANSLATE, RESULT, DONE) VALUES (19,9,2,' STEVAN PREVOD DRUGOG NATIVE', 'STEVAN PREVOD DRUGOG FOREIGN', 'STEVAN PREVOD DRUGOG AUDIO',10, true);
insert into RESULT (ID, STUDENT_ID, EXAM_ID, NATIVE_TRANSLATE,FOREIGN_TRANSLATE, AUDIO_TRANSLATE, RESULT, DONE) VALUES (20,10,2,' MARIJA PREVOD DRUGOG NATIVE', 'MARIJA PREVOD DRUGOG FOREIGN', 'MARIJA PREVOD DRUGOG AUDIO',10, true);

-- TRECI EXAM
-- CETVRTI EXAM
-- PETI EXAM