-- STUDENTI
insert into STUDENT (ID, BR_INDEKSA, NAME, SURNAME) VALUES (1,'570/13','Ilija','Mikic');
insert into STUDENT (ID, BR_INDEKSA, NAME, SURNAME) VALUES (2,'571/13','Milica','Mikic');
insert into STUDENT (ID, BR_INDEKSA, NAME, SURNAME) VALUES (3,'572/13','Marko','Mikic');
insert into STUDENT (ID, BR_INDEKSA, NAME, SURNAME) VALUES (4,'573/13','Milan','Mikic');
insert into STUDENT (ID, BR_INDEKSA, NAME, SURNAME) VALUES (5,'574/13','Biljana','Mikic');
-- EXAMS
insert into EXAM (ID, Native_Text, Foreign_Text, Audio_Text, Start_Time, End_Time,points,required, ended) VALUES (1,'prvi prvi','prvi prevod','AUDIO TRACK', '2020-02-10','2020-02-12', 20, true, true);
insert into EXAM (ID, Native_Text, Foreign_Text, Audio_Text, Start_Time, End_Time,points,required, ended) VALUES (2,'drugi drugi','drugi prevod','AUDIO TRACK', '2020-03-10','2020-03-20', 10, true, false);
insert into EXAM (ID, Native_Text, Foreign_Text, Audio_Text, Start_Time, End_Time,points,required, ended) VALUES (3,'treci treci','treci prevod','AUDIO TRACK', '2020-04-10','2020-04-13', 7, true, false);
insert into EXAM (ID, Native_Text, Foreign_Text, Audio_Text, Start_Time, End_Time,points,required, ended) VALUES (4,'cetvrti cetvrti','cetvrdi prevod ','AUDIO TRACK', '2020-03-01','2020-09-02', 4, true, false);

-- RESULTS
-- PRVI EXAM
insert into RESULT (ID, STUDENT_ID, EXAM_ID, NATIVE_TRANSLATE,FOREIGN_TRANSLATE, AUDIO_TRANSLATE, RESULT, DONE) VALUES (1,1,1,' ILIJA PREVOD PRVOG NATIVE', 'ILIJA PREVOD PRVOG FOREIGN', 'ILIJA PREVOD PRVOG AUDIO',11, true);
insert into RESULT (ID, STUDENT_ID, EXAM_ID, NATIVE_TRANSLATE,FOREIGN_TRANSLATE, AUDIO_TRANSLATE, RESULT, DONE) VALUES (2,2,1,' MILICA PREVOD PRVOG NATIVE', 'MILICA PREVOD PRVOG FOREIGN', 'MILICA PREVOD PRVOG AUDIO',3, true);
insert into RESULT (ID, STUDENT_ID, EXAM_ID, NATIVE_TRANSLATE,FOREIGN_TRANSLATE, AUDIO_TRANSLATE, RESULT, DONE) VALUES (3,3,1,' MARKO PREVOD PRVOG NATIVE', 'MARKO PREVOD PRVOG FOREIGN', 'MARKO PREVOD PRVOG AUDIO',10, true);
-- DRUGI EXAM
insert into RESULT (ID, STUDENT_ID, EXAM_ID, NATIVE_TRANSLATE,FOREIGN_TRANSLATE, AUDIO_TRANSLATE, RESULT, DONE) VALUES (4,1,2,' ILIJA PREVOD DRUGOG NATIVE', 'ILIJA PREVOD DRUGOG FOREIGN', 'ILIJA PREVOD DRUGOG AUDIO',7, true);
insert into RESULT (ID, STUDENT_ID, EXAM_ID, NATIVE_TRANSLATE,FOREIGN_TRANSLATE, AUDIO_TRANSLATE, DONE) VALUES (5,2,2,' MILICA PREVOD DRUGOG NATIVE', 'MILICA PREVOD DRUGOG FOREIGN', 'MILICA PREVOD DRUGOG AUDIO', false);
insert into RESULT (ID, STUDENT_ID, EXAM_ID, NATIVE_TRANSLATE,FOREIGN_TRANSLATE, AUDIO_TRANSLATE, DONE) VALUES (6,3,2,' MARKO PREVOD DRUGOG NATIVE', 'MARKO PREVOD DRUGOG FOREIGN', 'MARKO PREVOD DRUGOG AUDIO', false);
